ID,salary
1,94587.04201
2,86449.29254
3,99830.66324
4,103139.2639
5,104715.0201
6,97098.43685
7,94153.89819
8,79769.99231
9,97099.83579
10,75519.64214
11,79996.69047
12,88446.88475
13,86411.13539
14,86896.63691
15,78218.6717
16,84244.81292
17,66247.80309
18,118939.5775
19,86411.13539
20,108912.8019
